"";"Código.da.IES";"Categoria.Administrativa"
"1";1;"Pública Federal"
"3";2;"Pública Federal"
"4";3;"Pública Federal"
"6";5;"Pública Federal"
"8";8;"Pública Federal"
"9";9;"Pública Estadual"
"10";10;"Privada sem fins lucrativos"
"12";13;"Privada sem fins lucrativos"
"13";17;"Pública Federal"
"14";20;"Privada sem fins lucrativos"
"15";24;"Pública Estadual"
"16";27;"Privada sem fins lucrativos"
"17";29;"Pública Estadual"
"18";30;"Privada sem fins lucrativos"
"19";43;"Pública Estadual"
"20";56;"Pública Estadual"
"23";57;"Pública Estadual"
"24";76;"Pública Municipal"
"25";82;"Privada sem fins lucrativos"
"28";138;"Privada sem fins lucrativos"
"29";140;"Privada sem fins lucrativos"
"30";142;"Privada sem fins lucrativos"
"31";143;"Privada sem fins lucrativos"
"32";146;"Privada com fins lucrativos"
"33";150;"Privada sem fins lucrativos"
"34";163;"Privada com fins lucrativos"
"35";167;"Privada sem fins lucrativos"
"36";176;"Privada sem fins lucrativos"
"37";203;"Privada com fins lucrativos"
"38";207;"Privada sem fins lucrativos"
"39";221;"Privada com fins lucrativos"
"40";265;"Privada sem fins lucrativos"
"41";271;"Privada sem fins lucrativos"
"42";296;"Privada sem fins lucrativos"
"44";298;"Privada com fins lucrativos"
"46";308;"Privada sem fins lucrativos"
"47";319;"Privada sem fins lucrativos"
"49";322;"Privada com fins lucrativos"
"53";330;"Privada sem fins lucrativos"
"54";338;"Privada sem fins lucrativos"
"56";343;"Privada com fins lucrativos"
"57";349;"Privada com fins lucrativos"
"58";355;"Privada com fins lucrativos"
"59";374;"Privada sem fins lucrativos"
"60";375;"Privada sem fins lucrativos"
"61";383;"Privada com fins lucrativos"
"62";385;"Privada com fins lucrativos"
"63";387;"Privada sem fins lucrativos"
"64";404;"Privada sem fins lucrativos"
"65";420;"Privada com fins lucrativos"
"66";430;"Privada sem fins lucrativos"
"67";437;"Privada sem fins lucrativos"
"68";439;"Privada sem fins lucrativos"
"69";441;"Privada sem fins lucrativos"
"70";446;"Privada sem fins lucrativos"
"71";448;"Privada com fins lucrativos"
"72";449;"Privada sem fins lucrativos"
"73";450;"Privada com fins lucrativos"
"74";453;"Privada sem fins lucrativos"
"75";457;"Privada com fins lucrativos"
"77";466;"Privada com fins lucrativos"
"78";472;"Privada com fins lucrativos"
"79";480;"Privada sem fins lucrativos"
"80";481;"Privada sem fins lucrativos"
"81";490;"Privada sem fins lucrativos"
"82";494;"Privada sem fins lucrativos"
"83";495;"Pública Municipal"
"84";496;"Privada com fins lucrativos"
"85";502;"Privada com fins lucrativos"
"86";514;"Privada sem fins lucrativos"
"87";515;"Privada com fins lucrativos"
"88";532;"Privada sem fins lucrativos"
"89";549;"Pública Federal"
"90";568;"Pública Estadual"
"91";569;"Pública Federal"
"92";571;"Pública Federal"
"94";572;"Pública Federal"
"95";573;"Pública Federal"
"96";574;"Pública Federal"
"97";575;"Pública Federal"
"98";576;"Pública Federal"
"99";577;"Pública Federal"
"100";578;"Pública Federal"
"101";579;"Pública Federal"
"102";581;"Pública Federal"
"103";582;"Pública Federal"
"104";584;"Pública Federal"
"106";585;"Pública Federal"
"107";587;"Pública Federal"
"109";589;"Pública Federal"
"110";590;"Pública Federal"
"111";592;"Pública Federal"
"112";596;"Pública Federal"
"113";621;"Privada sem fins lucrativos"
"114";634;"Pública Federal"
"115";661;"Privada com fins lucrativos"
"116";664;"Privada sem fins lucrativos"
"117";669;"Privada sem fins lucrativos"
"118";671;"Privada com fins lucrativos"
"119";673;"Privada sem fins lucrativos"
"120";694;"Pública Federal"
"121";699;"Pública Federal"
"122";707;"Privada com fins lucrativos"
"123";718;"Privada com fins lucrativos"
"124";757;"Privada com fins lucrativos"
"125";763;"Privada com fins lucrativos"
"126";780;"Privada com fins lucrativos"
"127";789;"Pública Federal"
"128";826;"Privada com fins lucrativos"
"129";953;"Privada sem fins lucrativos"
"130";1027;"Pública Estadual"
"131";1038;"Privada sem fins lucrativos"
"132";1045;"Privada com fins lucrativos"
"133";1046;"Privada sem fins lucrativos"
"134";1053;"Privada com fins lucrativos"
"135";1078;"Privada com fins lucrativos"
"136";1087;"Privada sem fins lucrativos"
"137";1126;"Pública Estadual"
"138";1129;"Privada sem fins lucrativos"
"139";1157;"Privada sem fins lucrativos"
"140";1166;"Pública Federal"
"141";1196;"Privada com fins lucrativos"
"142";1230;"Privada sem fins lucrativos"
"143";1245;"Privada com fins lucrativos"
"144";1281;"Privada com fins lucrativos"
"145";1292;"Especial"
"146";1303;"Pública Federal"
"147";1307;"Privada com fins lucrativos"
"148";1317;"Privada com fins lucrativos"
"149";1336;"Privada sem fins lucrativos"
"150";1396;"Privada com fins lucrativos"
"151";1422;"Privada com fins lucrativos"
"152";1430;"Privada sem fins lucrativos"
"153";1436;"Privada com fins lucrativos"
"154";1490;"Privada com fins lucrativos"
"155";1559;"Privada sem fins lucrativos"
"156";1601;"Privada sem fins lucrativos"
"157";1623;"Privada sem fins lucrativos"
"158";1643;"Privada sem fins lucrativos"
"159";1657;"Privada com fins lucrativos"
"160";1773;"Privada com fins lucrativos"
"161";1812;"Pública Federal"
"162";1825;"Privada sem fins lucrativos"
"163";1836;"Privada sem fins lucrativos"
"164";1869;"Privada sem fins lucrativos"
"165";1883;"Privada com fins lucrativos"
"166";1917;"Privada com fins lucrativos"
"167";1927;"Privada com fins lucrativos"
"168";2111;"Privada sem fins lucrativos"
"169";2123;"Privada com fins lucrativos"
"170";2365;"Privada sem fins lucrativos"
"171";2564;"Pública Federal"
"172";2835;"Privada com fins lucrativos"
"173";2915;"Privada sem fins lucrativos"
"174";3151;"Privada sem fins lucrativos"
"175";3188;"Pública Federal"
"176";3193;"Privada com fins lucrativos"
"177";3205;"Privada com fins lucrativos"
"178";3339;"Privada com fins lucrativos"
"179";3371;"Privada sem fins lucrativos"
"180";3610;"Privada com fins lucrativos"
"181";3840;"Privada com fins lucrativos"
"182";3849;"Pública Federal"
"183";3974;"Pública Municipal"
"184";3983;"Privada sem fins lucrativos"
"185";3984;"Pública Federal"
"186";4163;"Privada sem fins lucrativos"
"187";4358;"Pública Federal"
"188";4367;"Privada com fins lucrativos"
"189";4396;"Pública Municipal"
"190";4503;"Pública Federal"
"191";4522;"Privada sem fins lucrativos"
"192";4702;"Privada com fins lucrativos"
"193";4780;"Privada sem fins lucrativos"
"194";4826;"Privada com fins lucrativos"
"195";4846;"Privada com fins lucrativos"
"196";5036;"Pública Federal"
"198";5303;"Privada com fins lucrativos"
"199";5322;"Pública Federal"
"200";5439;"Privada com fins lucrativos"
"201";5511;"Privada com fins lucrativos"
"202";5550;"Privada com fins lucrativos"
"203";5592;"Privada com fins lucrativos"
"204";5670;"Privada sem fins lucrativos"
"205";11544;"Privada com fins lucrativos"
"206";13883;"Privada sem fins lucrativos"
"207";14248;"Privada sem fins lucrativos"
"208";15015;"Pública Estadual"
"209";15121;"Pública Federal"
"210";15452;"Privada com fins lucrativos"
"211";15453;"Privada sem fins lucrativos"
"212";18065;"Privada com fins lucrativos"
"213";18506;"Pública Federal"
"214";19512;"Privada com fins lucrativos"
"215";23410;"Pública Estadual"
"219";4;"Pública Federal"
"225";19;"Privada sem fins lucrativos"
"227";21;"Privada sem fins lucrativos"
"232";54;"Pública Estadual"
"237";71;"Pública Estadual"
"239";79;"Pública Municipal"
"240";81;"Privada sem fins lucrativos"
"242";83;"Privada sem fins lucrativos"
"243";124;"Privada sem fins lucrativos"
"244";137;"Privada sem fins lucrativos"
"250";165;"Privada com fins lucrativos"
"252";208;"Privada sem fins lucrativos"
"255";266;"Privada sem fins lucrativos"
"257";275;"Privada sem fins lucrativos"
"258";295;"Privada sem fins lucrativos"
"260";316;"Privada sem fins lucrativos"
"273";352;"Privada com fins lucrativos"
"275";367;"Pública Estadual"
"278";384;"Privada sem fins lucrativos"
"279";396;"Privada com fins lucrativos"
"280";398;"Privada com fins lucrativos"
"281";403;"Privada sem fins lucrativos"
"282";409;"Pública Estadual"
"284";417;"Privada com fins lucrativos"
"286";423;"Privada sem fins lucrativos"
"287";426;"Privada sem fins lucrativos"
"296";458;"Privada sem fins lucrativos"
"301";482;"Privada sem fins lucrativos"
"302";489;"Privada sem fins lucrativos"
"307";513;"Privada sem fins lucrativos"
"308";518;"Privada com fins lucrativos"
"309";521;"Privada com fins lucrativos"
"310";526;"Privada com fins lucrativos"
"311";534;"Privada sem fins lucrativos"
"312";547;"Pública Estadual"
"313";548;"Pública Federal"
"314";550;"Pública Estadual"
"316";555;"Privada sem fins lucrativos"
"318";570;"Pública Federal"
"329";580;"Pública Federal"
"332";583;"Pública Federal"
"336";586;"Pública Federal"
"337";595;"Pública Federal"
"339";609;"Pública Estadual"
"342";649;"Pública Municipal"
"343";663;"Privada sem fins lucrativos"
"345";665;"Pública Municipal"
"346";666;"Pública Estadual"
"348";670;"Privada sem fins lucrativos"
"351";688;"Pública Estadual"
"353";705;"Privada sem fins lucrativos"
"355";730;"Pública Estadual"
"356";750;"Pública Municipal"
"357";756;"Pública Estadual"
"359";792;"Privada sem fins lucrativos"
"360";794;"Privada sem fins lucrativos"
"361";823;"Privada sem fins lucrativos"
"362";878;"Privada sem fins lucrativos"
"363";952;"Privada sem fins lucrativos"
"365";1041;"Privada sem fins lucrativos"
"366";1042;"Privada com fins lucrativos"
"367";1043;"Privada sem fins lucrativos"
"368";1075;"Privada com fins lucrativos"
"369";1080;"Privada sem fins lucrativos"
"371";1113;"Privada sem fins lucrativos"
"373";1128;"Privada sem fins lucrativos"
"375";1139;"Privada sem fins lucrativos"
"377";1189;"Privada sem fins lucrativos"
"381";1356;"Pública Municipal"
"382";1379;"Privada sem fins lucrativos"
"383";1414;"Privada com fins lucrativos"
"385";1427;"Privada com fins lucrativos"
"387";1461;"Privada com fins lucrativos"
"388";1563;"Privada com fins lucrativos"
"389";1592;"Privada sem fins lucrativos"
"390";1600;"Privada sem fins lucrativos"
"391";1638;"Privada com fins lucrativos"
"392";1640;"Privada com fins lucrativos"
"393";1697;"Privada sem fins lucrativos"
"394";1709;"Privada com fins lucrativos"
"395";1717;"Privada com fins lucrativos"
"396";1734;"Privada com fins lucrativos"
"397";1735;"Privada com fins lucrativos"
"398";1758;"Privada com fins lucrativos"
"399";1767;"Privada com fins lucrativos"
"401";1885;"Privada com fins lucrativos"
"402";1895;"Privada com fins lucrativos"
"404";1965;"Privada sem fins lucrativos"
"405";1978;"Privada com fins lucrativos"
"406";1986;"Privada com fins lucrativos"
"407";1988;"Privada com fins lucrativos"
"408";2076;"Privada com fins lucrativos"
"409";2132;"Privada com fins lucrativos"
"410";2135;"Privada sem fins lucrativos"
"411";2368;"Privada com fins lucrativos"
"412";2383;"Privada com fins lucrativos"
"413";2409;"Privada sem fins lucrativos"
"414";2469;"Privada com fins lucrativos"
"415";2474;"Privada com fins lucrativos"
"416";2494;"Privada sem fins lucrativos"
"418";2745;"Privada com fins lucrativos"
"419";2771;"Privada com fins lucrativos"
"420";2773;"Privada com fins lucrativos"
"422";2843;"Privada com fins lucrativos"
"424";3034;"Privada com fins lucrativos"
"425";3146;"Privada sem fins lucrativos"
"427";3172;"Pública Estadual"
"429";3304;"Privada com fins lucrativos"
"431";3372;"Privada sem fins lucrativos"
"432";3641;"Privada sem fins lucrativos"
"433";3797;"Privada com fins lucrativos"
"434";3817;"Privada sem fins lucrativos"
"436";3869;"Privada com fins lucrativos"
"438";4030;"Privada sem fins lucrativos"
"439";4198;"Privada com fins lucrativos"
"440";4530;"Privada com fins lucrativos"
"441";4534;"Privada com fins lucrativos"
"442";4849;"Privada com fins lucrativos"
"443";4901;"Privada com fins lucrativos"
"445";5520;"Privada com fins lucrativos"
"446";5544;"Privada com fins lucrativos"
"448";11429;"Privada com fins lucrativos"
"449";11860;"Privada com fins lucrativos"
"450";12620;"Privada com fins lucrativos"
"451";12847;"Privada com fins lucrativos"
"452";14947;"Privada com fins lucrativos"
"463";6;"Pública Federal"
"464";7;"Pública Federal"
"469";11;"Privada sem fins lucrativos"
"470";12;"Pública Federal"
"473";18;"Privada sem fins lucrativos"
"481";32;"Pública Estadual"
"482";40;"Pública Estadual"
"491";93;"Pública Municipal"
"492";107;"Pública Federal"
"498";149;"Pública Estadual"
"501";190;"Privada sem fins lucrativos"
"503";222;"Privada sem fins lucrativos"
"504";224;"Privada sem fins lucrativos"
"505";226;"Privada sem fins lucrativos"
"507";284;"Privada sem fins lucrativos"
"509";307;"Privada sem fins lucrativos"
"517";351;"Privada sem fins lucrativos"
"519";353;"Privada sem fins lucrativos"
"525";402;"Privada sem fins lucrativos"
"530";415;"Privada sem fins lucrativos"
"533";431;"Pública Estadual"
"534";434;"Privada sem fins lucrativos"
"539";475;"Privada sem fins lucrativos"
"547";501;"Privada sem fins lucrativos"
"548";506;"Privada sem fins lucrativos"
"550";527;"Privada sem fins lucrativos"
"552";546;"Privada sem fins lucrativos"
"583";591;"Pública Federal"
"587";597;"Pública Federal"
"588";605;"Pública Municipal"
"601";693;"Pública Federal"
"605";717;"Pública Federal"
"607";719;"Pública Estadual"
"609";737;"Privada sem fins lucrativos"
"617";830;"Pública Federal"
"626";1244;"Privada com fins lucrativos"
"627";1270;"Privada com fins lucrativos"
"628";1334;"Privada com fins lucrativos"
"630";1362;"Privada com fins lucrativos"
"634";1547;"Privada com fins lucrativos"
"637";1586;"Privada sem fins lucrativos"
"639";1664;"Privada com fins lucrativos"
"640";1669;"Privada com fins lucrativos"
"644";1913;"Privada com fins lucrativos"
"646";1984;"Privada com fins lucrativos"
"647";1995;"Privada com fins lucrativos"
"648";2082;"Privada com fins lucrativos"
"650";2158;"Privada com fins lucrativos"
"654";2579;"Privada com fins lucrativos"
"655";2787;"Privada sem fins lucrativos"
"660";3194;"Privada com fins lucrativos"
"661";3223;"Pública Estadual"
"664";3533;"Privada com fins lucrativos"
"665";3615;"Privada sem fins lucrativos"
"667";3966;"Privada sem fins lucrativos"
"672";4256;"Privada com fins lucrativos"
"673";4450;"Privada sem fins lucrativos"
"674";4504;"Pública Federal"
"677";5215;"Privada sem fins lucrativos"
"680";14892;"Privada com fins lucrativos"
"681";15001;"Pública Federal"
"684";18759;"Pública Federal"
"718";47;"Pública Estadual"
"727";68;"Pública Municipal"
"734";125;"Privada sem fins lucrativos"
"743";294;"Privada sem fins lucrativos"
"753";386;"Privada com fins lucrativos"
"766";451;"Privada sem fins lucrativos"
"798";588;"Pública Federal"
"809";600;"Pública Federal"
"810";601;"Pública Federal"
"814";648;"Privada sem fins lucrativos"
"818";682;"Privada com fins lucrativos"
"822";704;"Especial"
"836";781;"Privada com fins lucrativos"
"839";796;"Privada com fins lucrativos"
"840";824;"Pública Municipal"
"841";829;"Pública Estadual"
"842";882;"Pública Municipal"
"843";1019;"Privada sem fins lucrativos"
"845";1028;"Pública Estadual"
"847";1036;"Pública Estadual"
"854";1092;"Privada com fins lucrativos"
"857";1190;"Privada sem fins lucrativos"
"859";1221;"Privada sem fins lucrativos"
"860";1227;"Privada sem fins lucrativos"
"864";1300;"Privada sem fins lucrativos"
"872";1322;"Privada sem fins lucrativos"
"874";1337;"Privada com fins lucrativos"
"877";1426;"Privada sem fins lucrativos"
"879";1450;"Privada sem fins lucrativos"
"880";1459;"Privada sem fins lucrativos"
"881";1574;"Privada com fins lucrativos"
"882";1575;"Privada sem fins lucrativos"
"886";1807;"Pública Federal"
"887";1808;"Pública Federal"
"889";1809;"Pública Federal"
"890";1813;"Pública Federal"
"894";1844;"Privada sem fins lucrativos"
"896";2336;"Privada com fins lucrativos"
"898";2536;"Privada com fins lucrativos"
"900";2774;"Privada sem fins lucrativos"
"901";2791;"Privada com fins lucrativos"
"902";2903;"Privada com fins lucrativos"
"904";3161;"Pública Federal"
"905";3164;"Pública Federal"
"909";3165;"Pública Federal"
"914";3189;"Pública Federal"
"917";3252;"Privada com fins lucrativos"
"918";3279;"Pública Federal"
"920";3336;"Pública Estadual"
"924";3363;"Privada com fins lucrativos"
"925";3368;"Privada sem fins lucrativos"
"929";3669;"Privada com fins lucrativos"
"930";3789;"Privada sem fins lucrativos"
"932";3921;"Privada com fins lucrativos"
"933";3940;"Privada sem fins lucrativos"
"934";3972;"Privada sem fins lucrativos"
"938";4098;"Pública Federal"
"947";4567;"Privada sem fins lucrativos"
"948";4633;"Privada com fins lucrativos"
"949";4785;"Pública Federal"
"950";4786;"Pública Federal"
"956";5045;"Privada sem fins lucrativos"
"957";5077;"Pública Estadual"
"963";13359;"Privada com fins lucrativos"
"964";14156;"Privada com fins lucrativos"
"966";14509;"Pública Federal"
"968";14724;"Pública Federal"
"969";14975;"Privada com fins lucrativos"
"971";15032;"Privada sem fins lucrativos"
"972";15059;"Pública Federal"
"978";15497;"Pública Federal"
"979";15520;"Pública Federal"
"981";18440;"Pública Federal"
"999";14;"Privada sem fins lucrativos"
"1004";22;"Privada sem fins lucrativos"
"1005";23;"Privada sem fins lucrativos"
"1036";227;"Privada sem fins lucrativos"
"1037";234;"Privada com fins lucrativos"
"1041";277;"Privada sem fins lucrativos"
"1082";344;"Privada com fins lucrativos"
"1086";376;"Privada com fins lucrativos"
"1133";522;"Privada sem fins lucrativos"
"1185";727;"Privada sem fins lucrativos"
"1187";734;"Privada sem fins lucrativos"
"1188";736;"Privada com fins lucrativos"
"1190";738;"Privada sem fins lucrativos"
"1191";739;"Privada sem fins lucrativos"
"1200";862;"Privada com fins lucrativos"
"1206";1055;"Privada sem fins lucrativos"
"1208";1058;"Privada com fins lucrativos"
"1209";1077;"Privada com fins lucrativos"
"1216";1131;"Privada com fins lucrativos"
"1217";1149;"Privada com fins lucrativos"
"1218";1173;"Privada com fins lucrativos"
"1219";1191;"Privada sem fins lucrativos"
"1221";1202;"Privada com fins lucrativos"
"1224";1255;"Privada com fins lucrativos"
"1225";1263;"Privada com fins lucrativos"
"1226";1273;"Privada com fins lucrativos"
"1227";1276;"Privada com fins lucrativos"
"1230";1299;"Privada sem fins lucrativos"
"1231";1310;"Privada sem fins lucrativos"
"1234";1350;"Privada com fins lucrativos"
"1238";1446;"Privada com fins lucrativos"
"1240";1462;"Privada com fins lucrativos"
"1242";1492;"Privada com fins lucrativos"
"1243";1494;"Privada sem fins lucrativos"
"1244";1498;"Privada com fins lucrativos"
"1245";1504;"Privada sem fins lucrativos"
"1246";1510;"Privada com fins lucrativos"
"1247";1540;"Privada sem fins lucrativos"
"1249";1552;"Privada com fins lucrativos"
"1250";1554;"Privada com fins lucrativos"
"1252";1573;"Privada sem fins lucrativos"
"1253";1580;"Privada com fins lucrativos"
"1255";1624;"Privada sem fins lucrativos"
"1257";1642;"Privada com fins lucrativos"
"1258";1647;"Privada com fins lucrativos"
"1259";1656;"Privada sem fins lucrativos"
"1261";1672;"Privada sem fins lucrativos"
"1262";1716;"Privada sem fins lucrativos"
"1265";1753;"Privada com fins lucrativos"
"1268";1775;"Privada com fins lucrativos"
"1269";1815;"Privada com fins lucrativos"
"1270";1818;"Privada com fins lucrativos"
"1273";1910;"Privada com fins lucrativos"
"1277";1939;"Privada com fins lucrativos"
"1279";1996;"Privada com fins lucrativos"
"1280";2005;"Privada com fins lucrativos"
"1281";2009;"Privada com fins lucrativos"
"1282";2023;"Privada com fins lucrativos"
"1283";2040;"Privada com fins lucrativos"
"1284";2086;"Privada com fins lucrativos"
"1288";2147;"Privada com fins lucrativos"
"1289";2148;"Privada com fins lucrativos"
"1291";2241;"Privada com fins lucrativos"
"1292";2271;"Privada com fins lucrativos"
"1293";2275;"Privada com fins lucrativos"
"1296";2413;"Privada com fins lucrativos"
"1297";2420;"Privada com fins lucrativos"
"1298";2426;"Privada com fins lucrativos"
"1299";2428;"Privada com fins lucrativos"
"1300";2437;"Privada com fins lucrativos"
"1304";2501;"Privada com fins lucrativos"
"1305";2560;"Privada com fins lucrativos"
"1307";2565;"Privada sem fins lucrativos"
"1308";2576;"Privada com fins lucrativos"
"1310";2593;"Privada com fins lucrativos"
"1311";2613;"Privada com fins lucrativos"
"1312";2636;"Privada com fins lucrativos"
"1314";2754;"Privada com fins lucrativos"
"1315";2770;"Privada com fins lucrativos"
"1319";2908;"Privada com fins lucrativos"
"1321";2944;"Privada com fins lucrativos"
"1322";2961;"Privada com fins lucrativos"
"1323";2973;"Privada com fins lucrativos"
"1325";3042;"Privada com fins lucrativos"
"1326";3149;"Privada com fins lucrativos"
"1328";3163;"Pública Federal"
"1332";3204;"Privada com fins lucrativos"
"1334";3337;"Privada com fins lucrativos"
"1336";3393;"Privada com fins lucrativos"
"1337";3396;"Privada com fins lucrativos"
"1338";3434;"Privada com fins lucrativos"
"1339";3515;"Privada sem fins lucrativos"
"1340";3518;"Privada com fins lucrativos"
"1341";3588;"Privada com fins lucrativos"
"1342";3602;"Privada com fins lucrativos"
"1343";3603;"Privada com fins lucrativos"
"1346";3716;"Privada com fins lucrativos"
"1347";3741;"Privada com fins lucrativos"
"1348";3756;"Privada com fins lucrativos"
"1349";3757;"Privada com fins lucrativos"
"1350";3778;"Privada com fins lucrativos"
"1351";3786;"Privada com fins lucrativos"
"1356";3879;"Privada com fins lucrativos"
"1357";3881;"Privada com fins lucrativos"
"1362";3987;"Privada com fins lucrativos"
"1363";4010;"Privada sem fins lucrativos"
"1364";4017;"Privada com fins lucrativos"
"1365";4113;"Privada com fins lucrativos"
"1366";4118;"Privada com fins lucrativos"
"1367";4141;"Privada com fins lucrativos"
"1369";4169;"Privada com fins lucrativos"
"1370";4197;"Privada com fins lucrativos"
"1372";4277;"Privada com fins lucrativos"
"1373";4362;"Privada com fins lucrativos"
"1374";4411;"Privada sem fins lucrativos"
"1375";4431;"Privada com fins lucrativos"
"1377";4533;"Privada com fins lucrativos"
"1378";4586;"Privada com fins lucrativos"
"1379";4613;"Privada com fins lucrativos"
"1380";4631;"Privada com fins lucrativos"
"1383";4863;"Privada com fins lucrativos"
"1384";4865;"Privada com fins lucrativos"
"1386";4915;"Privada com fins lucrativos"
"1387";5013;"Pública Estadual"
"1394";5671;"Privada sem fins lucrativos"
"1396";11645;"Privada sem fins lucrativos"
"1398";13792;"Privada com fins lucrativos"
"1399";14029;"Privada com fins lucrativos"
"1402";14313;"Privada com fins lucrativos"
"1403";14321;"Privada com fins lucrativos"
"1404";14715;"Privada sem fins lucrativos"
"1406";14901;"Privada com fins lucrativos"
"1409";15357;"Privada sem fins lucrativos"
"1410";15450;"Privada com fins lucrativos"
"1412";15777;"Privada com fins lucrativos"
"1413";17284;"Privada sem fins lucrativos"
"1430";15;"Privada sem fins lucrativos"
"1445";80;"Privada sem fins lucrativos"
"1453";87;"Privada sem fins lucrativos"
"1463";162;"Privada sem fins lucrativos"
"1472";216;"Privada sem fins lucrativos"
"1477";240;"Privada sem fins lucrativos"
"1480";269;"Privada com fins lucrativos"
"1511";337;"Privada sem fins lucrativos"
"1536";410;"Privada sem fins lucrativos"
"1562";452;"Privada sem fins lucrativos"
"1568";461;"Privada sem fins lucrativos"
"1581";519;"Privada sem fins lucrativos"
"1585";528;"Privada sem fins lucrativos"
"1613";622;"Privada sem fins lucrativos"
"1615";641;"Privada sem fins lucrativos"
"1629";724;"Privada sem fins lucrativos"
"1636";798;"Privada sem fins lucrativos"
"1639";861;"Privada com fins lucrativos"
"1642";916;"Privada com fins lucrativos"
"1649";1060;"Privada com fins lucrativos"
"1652";1107;"Privada com fins lucrativos"
"1656";1120;"Pública Federal"
"1659";1141;"Privada sem fins lucrativos"
"1661";1185;"Privada com fins lucrativos"
"1662";1187;"Privada com fins lucrativos"
"1668";1294;"Privada com fins lucrativos"
"1669";1319;"Privada com fins lucrativos"
"1674";1351;"Privada sem fins lucrativos"
"1675";1359;"Privada com fins lucrativos"
"1676";1365;"Privada sem fins lucrativos"
"1678";1381;"Privada com fins lucrativos"
"1681";1418;"Privada com fins lucrativos"
"1682";1419;"Privada com fins lucrativos"
"1684";1423;"Privada com fins lucrativos"
"1686";1428;"Privada com fins lucrativos"
"1688";1437;"Privada com fins lucrativos"
"1689";1444;"Privada sem fins lucrativos"
"1692";1452;"Privada com fins lucrativos"
"1695";1493;"Privada com fins lucrativos"
"1698";1508;"Privada com fins lucrativos"
"1700";1513;"Privada com fins lucrativos"
"1701";1514;"Privada com fins lucrativos"
"1702";1521;"Privada com fins lucrativos"
"1703";1542;"Privada sem fins lucrativos"
"1704";1556;"Privada com fins lucrativos"
"1705";1557;"Privada sem fins lucrativos"
"1708";1568;"Privada sem fins lucrativos"
"1710";1632;"Privada com fins lucrativos"
"1712";1694;"Privada com fins lucrativos"
"1714";1728;"Privada com fins lucrativos"
"1716";1772;"Privada com fins lucrativos"
"1718";1774;"Privada com fins lucrativos"
"1720";1777;"Privada com fins lucrativos"
"1721";1805;"Privada com fins lucrativos"
"1723";1810;"Pública Federal"
"1725";1828;"Privada sem fins lucrativos"
"1727";1841;"Privada sem fins lucrativos"
"1728";1846;"Privada sem fins lucrativos"
"1734";1961;"Privada sem fins lucrativos"
"1739";2037;"Privada com fins lucrativos"
"1746";2183;"Privada sem fins lucrativos"
"1747";2200;"Privada com fins lucrativos"
"1748";2220;"Privada sem fins lucrativos"
"1751";2343;"Privada com fins lucrativos"
"1753";2556;"Privada sem fins lucrativos"
"1756";2571;"Privada sem fins lucrativos"
"1758";2755;"Privada com fins lucrativos"
"1759";2766;"Privada com fins lucrativos"
"1763";2855;"Privada com fins lucrativos"
"1767";3099;"Privada com fins lucrativos"
"1776";3388;"Privada com fins lucrativos"
"1777";3631;"Privada sem fins lucrativos"
"1780";3875;"Privada sem fins lucrativos"
"1782";3985;"Privada sem fins lucrativos"
"1789";4255;"Privada sem fins lucrativos"
"1794";4867;"Privada com fins lucrativos"
"1796";4962;"Privada sem fins lucrativos"
"1797";4964;"Privada com fins lucrativos"
"1798";5370;"Privada sem fins lucrativos"
"1801";5518;"Privada com fins lucrativos"
"1803";10685;"Privada com fins lucrativos"
"1805";12522;"Privada sem fins lucrativos"
"1806";13743;"Privada com fins lucrativos"
"1807";14951;"Privada com fins lucrativos"
"1812";16914;"Privada com fins lucrativos"
"1813";17138;"Privada sem fins lucrativos"
"1814";17433;"Privada com fins lucrativos"
"1815";17662;"Privada com fins lucrativos"
"1867";95;"Pública Estadual"
"1870";135;"Privada sem fins lucrativos"
"1877";144;"Privada sem fins lucrativos"
"1881";158;"Privada sem fins lucrativos"
"1898";194;"Privada sem fins lucrativos"
"1900";206;"Privada sem fins lucrativos"
"1911";242;"Privada com fins lucrativos"
"1914";270;"Privada com fins lucrativos"
"1961";339;"Privada sem fins lucrativos"
"1993";416;"Privada com fins lucrativos"
"2022";456;"Privada sem fins lucrativos"
"2042";510;"Privada sem fins lucrativos"
"2046";517;"Privada sem fins lucrativos"
"2056";535;"Pública Municipal"
"2057";545;"Privada sem fins lucrativos"
"2106";608;"Pública Municipal"
"2110";626;"Privada sem fins lucrativos"
"2129";685;"Especial"
"2138";712;"Privada com fins lucrativos"
"2146";728;"Privada com fins lucrativos"
"2153";746;"Pública Estadual"
"2163";790;"Privada sem fins lucrativos"
"2166";810;"Privada com fins lucrativos"
"2172";828;"Privada com fins lucrativos"
"2178";898;"Privada sem fins lucrativos"
"2179";915;"Privada sem fins lucrativos"
"2181";926;"Privada com fins lucrativos"
"2182";994;"Privada sem fins lucrativos"
"2183";1014;"Privada sem fins lucrativos"
"2194";1051;"Privada com fins lucrativos"
"2205";1084;"Privada sem fins lucrativos"
"2211";1115;"Privada sem fins lucrativos"
"2218";1170;"Privada sem fins lucrativos"
"2226";1225;"Privada com fins lucrativos"
"2229";1232;"Privada sem fins lucrativos"
"2230";1233;"Privada com fins lucrativos"
"2231";1243;"Privada sem fins lucrativos"
"2234";1264;"Privada sem fins lucrativos"
"2238";1280;"Privada com fins lucrativos"
"2242";1298;"Privada com fins lucrativos"
"2248";1325;"Privada sem fins lucrativos"
"2249";1328;"Privada sem fins lucrativos"
"2253";1355;"Privada sem fins lucrativos"
"2256";1364;"Privada com fins lucrativos"
"2260";1403;"Privada com fins lucrativos"
"2261";1404;"Privada com fins lucrativos"
"2263";1417;"Privada sem fins lucrativos"
"2264";1420;"Pública Municipal"
"2268";1434;"Privada com fins lucrativos"
"2275";1487;"Privada com fins lucrativos"
"2278";1499;"Privada com fins lucrativos"
"2279";1500;"Privada com fins lucrativos"
"2281";1509;"Privada com fins lucrativos"
"2285";1519;"Privada com fins lucrativos"
"2292";1572;"Privada com fins lucrativos"
"2297";1590;"Privada com fins lucrativos"
"2298";1591;"Privada sem fins lucrativos"
"2299";1599;"Privada com fins lucrativos"
"2301";1606;"Privada com fins lucrativos"
"2302";1613;"Privada sem fins lucrativos"
"2308";1645;"Privada com fins lucrativos"
"2311";1658;"Privada com fins lucrativos"
"2312";1659;"Privada com fins lucrativos"
"2313";1660;"Privada com fins lucrativos"
"2316";1676;"Privada com fins lucrativos"
"2319";1708;"Privada com fins lucrativos"
"2321";1711;"Privada com fins lucrativos"
"2323";1718;"Privada com fins lucrativos"
"2331";1804;"Privada sem fins lucrativos"
"2336";1835;"Privada com fins lucrativos"
"2339";1872;"Privada sem fins lucrativos"
"2340";1879;"Privada com fins lucrativos"
"2344";1898;"Privada com fins lucrativos"
"2345";1904;"Privada sem fins lucrativos"
"2346";1906;"Privada com fins lucrativos"
"2351";1945;"Privada com fins lucrativos"
"2358";2027;"Privada com fins lucrativos"
"2360";2043;"Privada com fins lucrativos"
"2362";2079;"Privada com fins lucrativos"
"2363";2085;"Privada com fins lucrativos"
"2365";2122;"Privada com fins lucrativos"
"2370";2149;"Privada com fins lucrativos"
"2371";2150;"Privada com fins lucrativos"
"2373";2174;"Privada com fins lucrativos"
"2374";2175;"Privada com fins lucrativos"
"2375";2189;"Privada com fins lucrativos"
"2376";2191;"Privada com fins lucrativos"
"2377";2194;"Privada com fins lucrativos"
"2379";2222;"Privada com fins lucrativos"
"2381";2242;"Privada com fins lucrativos"
"2382";2244;"Privada com fins lucrativos"
"2383";2245;"Privada com fins lucrativos"
"2386";2324;"Privada com fins lucrativos"
"2387";2334;"Privada sem fins lucrativos"
"2389";2348;"Privada com fins lucrativos"
"2390";2350;"Privada com fins lucrativos"
"2397";2440;"Privada sem fins lucrativos"
"2398";2466;"Privada com fins lucrativos"
"2401";2497;"Privada com fins lucrativos"
"2405";2548;"Privada com fins lucrativos"
"2410";2568;"Privada sem fins lucrativos"
"2412";2572;"Privada com fins lucrativos"
"2414";2581;"Privada com fins lucrativos"
"2417";2616;"Privada com fins lucrativos"
"2418";2629;"Privada sem fins lucrativos"
"2419";2632;"Privada sem fins lucrativos"
"2421";2642;"Privada sem fins lucrativos"
"2422";2647;"Privada com fins lucrativos"
"2423";2724;"Privada com fins lucrativos"
"2431";2794;"Privada com fins lucrativos"
"2432";2814;"Privada com fins lucrativos"
"2433";2826;"Privada sem fins lucrativos"
"2437";2910;"Privada com fins lucrativos"
"2438";2911;"Privada com fins lucrativos"
"2440";2918;"Privada com fins lucrativos"
"2441";2935;"Privada com fins lucrativos"
"2443";2950;"Privada com fins lucrativos"
"2445";2971;"Privada com fins lucrativos"
"2447";3020;"Privada com fins lucrativos"
"2459";3268;"Privada com fins lucrativos"
"2460";3285;"Privada com fins lucrativos"
"2466";3375;"Privada com fins lucrativos"
"2468";3432;"Privada sem fins lucrativos"
"2470";3443;"Privada com fins lucrativos"
"2471";3448;"Privada com fins lucrativos"
"2473";3516;"Privada sem fins lucrativos"
"2476";3590;"Privada com fins lucrativos"
"2480";3613;"Privada com fins lucrativos"
"2482";3618;"Privada com fins lucrativos"
"2488";3769;"Privada com fins lucrativos"
"2489";3776;"Privada com fins lucrativos"
"2491";3783;"Privada com fins lucrativos"
"2497";3853;"Privada com fins lucrativos"
"2498";3864;"Privada com fins lucrativos"
"2503";3936;"Privada com fins lucrativos"
"2504";3937;"Privada com fins lucrativos"
"2512";4013;"Privada com fins lucrativos"
"2514";4037;"Privada com fins lucrativos"
"2515";4121;"Privada sem fins lucrativos"
"2516";4135;"Privada com fins lucrativos"
"2517";4138;"Privada com fins lucrativos"
"2520";4185;"Privada com fins lucrativos"
"2523";4259;"Privada com fins lucrativos"
"2525";4289;"Privada com fins lucrativos"
"2529";4429;"Privada sem fins lucrativos"
"2536";4531;"Privada sem fins lucrativos"
"2539";4566;"Privada com fins lucrativos"
"2541";4605;"Privada com fins lucrativos"
"2543";4652;"Privada com fins lucrativos"
"2544";4655;"Privada com fins lucrativos"
"2545";4656;"Privada com fins lucrativos"
"2547";4777;"Privada com fins lucrativos"
"2552";4858;"Especial"
"2557";4910;"Privada com fins lucrativos"
"2559";4950;"Privada com fins lucrativos"
"2560";4959;"Privada com fins lucrativos"
"2565";5228;"Privada sem fins lucrativos"
"2566";5285;"Privada sem fins lucrativos"
"2567";5290;"Privada com fins lucrativos"
"2569";5362;"Privada com fins lucrativos"
"2570";5369;"Privada com fins lucrativos"
"2572";5451;"Privada com fins lucrativos"
"2576";5599;"Privada sem fins lucrativos"
"2579";10836;"Privada com fins lucrativos"
"2582";12430;"Privada com fins lucrativos"
"2583";12547;"Privada com fins lucrativos"
"2584";12766;"Privada com fins lucrativos"
"2585";13417;"Privada com fins lucrativos"
"2586";13486;"Privada com fins lucrativos"
"2587";13488;"Privada sem fins lucrativos"
"2588";13631;"Privada com fins lucrativos"
"2589";13728;"Privada com fins lucrativos"
"2590";13783;"Privada com fins lucrativos"
"2592";13828;"Privada com fins lucrativos"
"2594";14161;"Privada com fins lucrativos"
"2595";14162;"Privada sem fins lucrativos"
"2599";14342;"Privada sem fins lucrativos"
"2600";14717;"Privada com fins lucrativos"
"2608";15504;"Privada com fins lucrativos"
"2609";16759;"Privada sem fins lucrativos"
"2610";16943;"Privada com fins lucrativos"
"2611";17118;"Privada com fins lucrativos"
"2612";17224;"Privada sem fins lucrativos"
"2614";18492;"Pública Estadual"
"2676";1677;"Privada com fins lucrativos"
"2681";2160;"Privada sem fins lucrativos"
"2717";77;"Privada sem fins lucrativos"
"2922";1125;"Privada sem fins lucrativos"
"2936";1267;"Privada com fins lucrativos"
"2982";1683;"Privada com fins lucrativos"
"2983";1702;"Privada com fins lucrativos"
"2992";1854;"Privada sem fins lucrativos"
"2993";1876;"Pública Municipal"
"2998";1964;"Privada com fins lucrativos"
"3009";2168;"Privada com fins lucrativos"
"3013";2279;"Privada com fins lucrativos"
"3022";2444;"Privada sem fins lucrativos"
"3061";3793;"Privada com fins lucrativos"
"3097";13982;"Privada com fins lucrativos"
"3108";18114;"Privada com fins lucrativos"
"3110";18636;"Privada com fins lucrativos"
"3175";243;"Privada sem fins lucrativos"
"3176";244;"Privada sem fins lucrativos"
"3331";677;"Privada sem fins lucrativos"
"3370";1066;"Privada com fins lucrativos"
"3390";1219;"Privada com fins lucrativos"
"3391";1224;"Privada sem fins lucrativos"
"3428";1486;"Privada com fins lucrativos"
"3437";1546;"Privada sem fins lucrativos"
"3453";1641;"Privada sem fins lucrativos"
"3461";1675;"Privada sem fins lucrativos"
"3487";1956;"Privada sem fins lucrativos"
"3496";2041;"Privada sem fins lucrativos"
"3498";2056;"Privada com fins lucrativos"
"3499";2067;"Privada com fins lucrativos"
"3524";2470;"Privada com fins lucrativos"
"3560";3319;"Privada com fins lucrativos"
"3562";3365;"Privada com fins lucrativos"
"3583";3930;"Privada com fins lucrativos"
"3603";4452;"Privada com fins lucrativos"
"3617";5318;"Privada sem fins lucrativos"
"3728";5242;"Pública Estadual"
"3733";15507;"Pública Federal"
"3898";1231;"Privada sem fins lucrativos"
"3936";1783;"Privada sem fins lucrativos"
"3937";1790;"Privada sem fins lucrativos"
"3947";1970;"Privada com fins lucrativos"
"3965";2442;"Privada sem fins lucrativos"
"3995";3933;"Privada com fins lucrativos"
"4007";4293;"Privada com fins lucrativos"
"4014";4766;"Privada com fins lucrativos"
"4021";10058;"Privada com fins lucrativos"
"4024";12749;"Privada com fins lucrativos"
"4032";15468;"Privada sem fins lucrativos"
"4035";18077;"Privada com fins lucrativos"
"4092";599;"Pública Federal"
"4110";1690;"Privada com fins lucrativos"
"4116";1820;"Pública Federal"
"4120";2058;"Privada com fins lucrativos"
"4129";3162;"Pública Federal"
"4132";3306;"Privada sem fins lucrativos"
"4135";3839;"Privada com fins lucrativos"
"4138";3977;"Privada com fins lucrativos"
"4140";4020;"Pública Estadual"
"4147";4725;"Privada com fins lucrativos"
"4150";5591;"Privada com fins lucrativos"
"4152";12723;"Privada sem fins lucrativos"
"4155";14297;"Privada com fins lucrativos"
"4156";14969;"Privada com fins lucrativos"
"4158";17854;"Privada com fins lucrativos"
"4180";752;"Privada sem fins lucrativos"
"4181";967;"Pública Estadual"
"4187";1472;"Privada com fins lucrativos"
"4188";1612;"Privada sem fins lucrativos"
"4190";1703;"Privada sem fins lucrativos"
"4193";1864;"Privada sem fins lucrativos"
"4194";1874;"Pública Estadual"
"4195";1936;"Privada sem fins lucrativos"
"4197";1952;"Privada com fins lucrativos"
"4198";2443;"Privada com fins lucrativos"
"4200";2796;"Privada com fins lucrativos"
"4201";2974;"Privada com fins lucrativos"
"4203";3815;"Privada sem fins lucrativos"
"4205";4024;"Pública Estadual"
"4206";4025;"Pública Estadual"
"4209";4399;"Privada com fins lucrativos"
"4210";4496;"Privada com fins lucrativos"
"4212";4992;"Privada sem fins lucrativos"
"4214";5627;"Pública Estadual"
"4216";12338;"Privada sem fins lucrativos"
"4222";15576;"Pública Estadual"
"4223";15693;"Pública Estadual"
"4224";15769;"Pública Estadual"
"4225";18253;"Privada com fins lucrativos"
"4254";1491;"Privada com fins lucrativos"
"4257";1615;"Privada sem fins lucrativos"
"4258";1742;"Privada com fins lucrativos"
"4262";2741;"Privada sem fins lucrativos"
"4267";3184;"Pública Federal"
"4268";3303;"Privada sem fins lucrativos"
"4270";3876;"Privada com fins lucrativos"
"4272";10349;"Privada com fins lucrativos"
"4273";11818;"Privada com fins lucrativos"
"4275";13897;"Privada com fins lucrativos"
"4276";14961;"Privada sem fins lucrativos"
"4277";17326;"Privada com fins lucrativos"
"4278";17355;"Privada sem fins lucrativos"
"4279";17400;"Privada com fins lucrativos"
"4280";17563;"Privada com fins lucrativos"
"4281";18025;"Privada com fins lucrativos"
"4287";160;"Privada sem fins lucrativos"
"4323";593;"Pública Federal"
"4338";1082;"Pública Federal"
"4345";1205;"Privada com fins lucrativos"
"4349";1326;"Privada com fins lucrativos"
"4353";1457;"Privada com fins lucrativos"
"4357";1578;"Pública Federal"
"4360";1743;"Privada com fins lucrativos"
"4361";1759;"Privada sem fins lucrativos"
"4371";1892;"Privada com fins lucrativos"
"4372";2186;"Privada sem fins lucrativos"
"4378";3160;"Pública Federal"
"4389";4022;"Pública Estadual"
"4391";4097;"Privada com fins lucrativos"
"4395";4722;"Privada com fins lucrativos"
"4397";5053;"Pública Estadual"
"4398";5312;"Privada com fins lucrativos"
"4400";11563;"Privada com fins lucrativos"
"4404";15522;"Pública Federal"
"4406";18623;"Privada com fins lucrativos"
"4494";668;"Privada com fins lucrativos"
"4501";940;"Privada sem fins lucrativos"
"4513";1160;"Privada com fins lucrativos"
"4520";1256;"Privada sem fins lucrativos"
"4523";1308;"Privada com fins lucrativos"
"4524";1318;"Privada com fins lucrativos"
"4559";2450;"Privada com fins lucrativos"
"4571";3295;"Privada sem fins lucrativos"
"4572";3333;"Privada com fins lucrativos"
"4574";3541;"Privada sem fins lucrativos"
"4577";3805;"Privada com fins lucrativos"
"4580";3948;"Privada sem fins lucrativos"
"4584";4029;"Privada com fins lucrativos"
"4594";5403;"Privada com fins lucrativos"
"4599";14028;"Privada com fins lucrativos"
"4633";74;"Pública Municipal"
"4721";368;"Privada sem fins lucrativos"
"4756";454;"Privada sem fins lucrativos"
"4768";483;"Privada sem fins lucrativos"
"4783";533;"Privada sem fins lucrativos"
"4832";702;"Especial"
"4836";716;"Privada sem fins lucrativos"
"4845";793;"Privada com fins lucrativos"
"4849";825;"Privada sem fins lucrativos"
"4856";1032;"Privada sem fins lucrativos"
"4871";1076;"Privada sem fins lucrativos"
"4873";1085;"Privada sem fins lucrativos"
"4875";1100;"Privada sem fins lucrativos"
"4896";1253;"Privada sem fins lucrativos"
"4898";1258;"Privada com fins lucrativos"
"4924";1433;"Privada sem fins lucrativos"
"4940";1518;"Privada com fins lucrativos"
"4951";1621;"Privada com fins lucrativos"
"4959";1663;"Privada com fins lucrativos"
"4965";1721;"Privada com fins lucrativos"
"4967";1738;"Privada com fins lucrativos"
"4976";1870;"Pública Municipal"
"5010";2582;"Privada sem fins lucrativos"
"5032";3495;"Privada com fins lucrativos"
"5042";3867;"Privada com fins lucrativos"
"5053";4000;"Privada com fins lucrativos"
"5060";4166;"Privada sem fins lucrativos"
"5077";4674;"Privada com fins lucrativos"
"5079";4714;"Privada com fins lucrativos"
"5086";5107;"Privada sem fins lucrativos"
"5088";5216;"Privada com fins lucrativos"
"5092";11428;"Privada sem fins lucrativos"
"5096";13717;"Privada com fins lucrativos"
"5102";14890;"Privada com fins lucrativos"
"5110";18148;"Privada com fins lucrativos"
"5133";126;"Privada sem fins lucrativos"
"5147";267;"Privada sem fins lucrativos"
"5198";594;"Pública Federal"
"5200";598;"Pública Federal"
"5202";602;"Pública Federal"
"5203";633;"Pública Federal"
"5210";672;"Privada sem fins lucrativos"
"5217";802;"Privada sem fins lucrativos"
"5219";852;"Privada com fins lucrativos"
"5230";1049;"Privada sem fins lucrativos"
"5234";1161;"Privada sem fins lucrativos"
"5239";1386;"Privada com fins lucrativos"
"5240";1410;"Privada com fins lucrativos"
"5241";1412;"Privada com fins lucrativos"
"5243";1438;"Privada com fins lucrativos"
"5244";1445;"Privada sem fins lucrativos"
"5251";1569;"Privada sem fins lucrativos"
"5253";1682;"Privada sem fins lucrativos"
"5258";1853;"Privada com fins lucrativos"
"5260";1944;"Privada com fins lucrativos"
"5263";2408;"Privada com fins lucrativos"
"5264";2423;"Privada sem fins lucrativos"
"5266";2896;"Privada sem fins lucrativos"
"5271";3308;"Privada sem fins lucrativos"
"5275";3456;"Privada sem fins lucrativos"
"5278";3998;"Privada com fins lucrativos"
"5279";4096;"Privada com fins lucrativos"
"5286";5669;"Privada com fins lucrativos"
"5288";18165;"Pública Estadual"
"5329";60;"Especial"
"5330";67;"Pública Municipal"
"5342";109;"Privada com fins lucrativos"
"5369";193;"Privada sem fins lucrativos"
"5370";202;"Privada com fins lucrativos"
"5376";214;"Privada sem fins lucrativos"
"5382";225;"Privada sem fins lucrativos"
"5440";345;"Privada sem fins lucrativos"
"5477";438;"Privada sem fins lucrativos"
"5510";516;"Privada sem fins lucrativos"
"5581";637;"Privada sem fins lucrativos"
"5583";645;"Privada sem fins lucrativos"
"5619";788;"Privada sem fins lucrativos"
"5634";891;"Privada com fins lucrativos"
"5638";1030;"Privada com fins lucrativos"
"5659";1068;"Privada sem fins lucrativos"
"5660";1070;"Privada sem fins lucrativos"
"5664";1081;"Privada sem fins lucrativos"
"5672";1153;"Privada sem fins lucrativos"
"5683";1226;"Privada com fins lucrativos"
"5713";1409;"Privada com fins lucrativos"
"5734";1468;"Privada com fins lucrativos"
"5735";1484;"Privada com fins lucrativos"
"5741";1502;"Privada com fins lucrativos"
"5743";1506;"Privada sem fins lucrativos"
"5749";1515;"Privada com fins lucrativos"
"5752";1536;"Privada com fins lucrativos"
"5759";1558;"Privada sem fins lucrativos"
"5761";1561;"Privada com fins lucrativos"
"5768";1598;"Privada com fins lucrativos"
"5769";1618;"Privada com fins lucrativos"
"5771";1639;"Privada com fins lucrativos"
"5779";1666;"Privada com fins lucrativos"
"5780";1670;"Privada com fins lucrativos"
"5784";1700;"Privada com fins lucrativos"
"5789";1736;"Privada sem fins lucrativos"
"5802";1811;"Pública Federal"
"5812";1819;"Privada com fins lucrativos"
"5817";1847;"Privada com fins lucrativos"
"5819";1878;"Privada sem fins lucrativos"
"5825";1918;"Privada com fins lucrativos"
"5827";1949;"Privada com fins lucrativos"
"5835";2042;"Privada com fins lucrativos"
"5847";2270;"Privada sem fins lucrativos"
"5852";2355;"Privada com fins lucrativos"
"5854";2380;"Privada com fins lucrativos"
"5873";2779;"Privada sem fins lucrativos"
"5891";3183;"Pública Federal"
"5907";3514;"Privada sem fins lucrativos"
"5913";3648;"Privada com fins lucrativos"
"5916";3758;"Privada sem fins lucrativos"
"5921";3838;"Privada com fins lucrativos"
"5927";3962;"Privada sem fins lucrativos"
"5935";4045;"Privada sem fins lucrativos"
"5936";4068;"Privada com fins lucrativos"
"5937";4090;"Privada com fins lucrativos"
"5943";4150;"Privada com fins lucrativos"
"5944";4157;"Privada com fins lucrativos"
"5957";4460;"Privada com fins lucrativos"
"5962";4616;"Privada com fins lucrativos"
"5965";4751;"Privada com fins lucrativos"
"5977";5288;"Privada com fins lucrativos"
"5985";5555;"Privada com fins lucrativos"
"5987";5668;"Privada com fins lucrativos"
"5990";12758;"Privada sem fins lucrativos"
"5992";12916;"Privada com fins lucrativos"
"5993";12923;"Privada com fins lucrativos"
"5994";13620;"Privada com fins lucrativos"
"5995";13749;"Privada com fins lucrativos"
"5998";13873;"Privada com fins lucrativos"
"5999";14002;"Privada com fins lucrativos"
"6004";14401;"Privada com fins lucrativos"
"6005";14429;"Privada com fins lucrativos"
"6011";15173;"Privada com fins lucrativos"
"6016";15508;"Privada sem fins lucrativos"
"6017";15669;"Especial"
"6018";15859;"Privada sem fins lucrativos"
"6019";16194;"Privada com fins lucrativos"
"6020";16894;"Privada com fins lucrativos"
"6024";17403;"Privada com fins lucrativos"
"6140";346;"Privada sem fins lucrativos"
"6353";1710;"Privada com fins lucrativos"
"6356";1727;"Privada com fins lucrativos"
"6369";1817;"Privada com fins lucrativos"
"6425";3488;"Privada sem fins lucrativos"
"6457";4873;"Privada com fins lucrativos"
"6459";5217;"Privada com fins lucrativos"
"6469";11308;"Privada com fins lucrativos"
"6470";12922;"Privada com fins lucrativos"
"6471";13684;"Privada com fins lucrativos"
"6607";1780;"Privada sem fins lucrativos"
"6645";3743;"Privada com fins lucrativos"
"6654";4495;"Privada com fins lucrativos"
"6663";4925;"Pública Federal"
"6670";11586;"Privada com fins lucrativos"
"6671";11750;"Privada com fins lucrativos"
"6672";13133;"Privada com fins lucrativos"
"6878";715;"Privada sem fins lucrativos"
"6961";1830;"Privada com fins lucrativos"
"7059";18454;"Privada com fins lucrativos"
"7179";231;"Privada sem fins lucrativos"
"7270";1266;"Privada sem fins lucrativos"
"7323";5701;"Pública Estadual"
"7406";166;"Privada sem fins lucrativos"
"7453";336;"Privada sem fins lucrativos"
"7482";435;"Privada sem fins lucrativos"
"7573";627;"Privada sem fins lucrativos"
"7574";631;"Privada sem fins lucrativos"
"7622";886;"Privada com fins lucrativos"
"7626";997;"Privada sem fins lucrativos"
"7658";1151;"Privada com fins lucrativos"
"7668";1175;"Privada sem fins lucrativos"
"7678";1247;"Privada sem fins lucrativos"
"7710";1455;"Privada sem fins lucrativos"
"7713";1465;"Privada com fins lucrativos"
"7716";1478;"Privada com fins lucrativos"
"7731";1541;"Privada com fins lucrativos"
"7752";1692;"Privada com fins lucrativos"
"7763";1762;"Privada com fins lucrativos"
"7781";1834;"Privada sem fins lucrativos"
"7783";1843;"Privada sem fins lucrativos"
"7790";1893;"Privada com fins lucrativos"
"7792";1900;"Privada sem fins lucrativos"
"7800";1967;"Privada com fins lucrativos"
"7809";2113;"Privada sem fins lucrativos"
"7819";2240;"Privada com fins lucrativos"
"7826";2328;"Privada sem fins lucrativos"
"7834";2460;"Privada com fins lucrativos"
"7835";2477;"Privada sem fins lucrativos"
"7837";2499;"Privada com fins lucrativos"
"7841";2620;"Privada com fins lucrativos"
"7842";2625;"Privada com fins lucrativos"
"7843";2753;"Privada com fins lucrativos"
"7870";3427;"Privada sem fins lucrativos"
"7871";3437;"Privada com fins lucrativos"
"7874";3529;"Privada sem fins lucrativos"
"7888";3955;"Privada sem fins lucrativos"
"7897";4093;"Privada com fins lucrativos"
"7900";4104;"Privada com fins lucrativos"
"7912";4428;"Pública Municipal"
"7922";4700;"Privada com fins lucrativos"
"7923";4724;"Privada sem fins lucrativos"
"7925";4773;"Privada com fins lucrativos"
"7958";13300;"Privada com fins lucrativos"
"7962";14147;"Privada sem fins lucrativos"
"7967";15351;"Privada com fins lucrativos"
"7971";15839;"Privada com fins lucrativos"
"7981";19337;"Privada com fins lucrativos"
"8167";1395;"Privada com fins lucrativos"
"8204";1862;"Privada com fins lucrativos"
"8214";2198;"Privada sem fins lucrativos"
"8251";4739;"Privada sem fins lucrativos"
"8273";18812;"Pública Federal"
"8324";2035;"Privada com fins lucrativos"
"8367";17115;"Privada com fins lucrativos"
"8368";18023;"Privada com fins lucrativos"
