"0","filtro <- dados %>% "
"0","  group_by(`Organiza√ß√£o Acad√™mica`) %>%  "
"0","  summarise( media = mean(`IGC (Cont√≠nuo)`)) %>% "
"0","  arrange(media)"
"0",""
"0",""
"0","levels <- filtro$`Organiza√ß√£o Acad√™mica`"
"0","filtro$`Organiza√ß√£o Acad√™mica` <- factor(filtro$`Organiza√ß√£o Acad√™mica`, "
"0","                                            levels=levels, ordered=TRUE)"
"0",""
"0","filtro"
"1","[38;5;246m# A tibble: 5 x 2[39m
"
"1","  `Organiza√ß√£o Acad√™mica`                             media
"
"1","  [3m[38;5;246m<ord>[39m[23m                                               [3m[38;5;246m<dbl>[39m[23m
"
"1","[38;5;250m1[39m Faculdade                                            2.45
"
"1","[38;5;250m2[39m Centro Universit√°rio                                 2.82
"
"1","[38;5;250m3[39m Instituto Federal de Educa√ß√£o, Ci√™ncia e Tecnologia  2.83
"
"1","[38;5;250m4[39m Universidade                                         3.11
"
"1","[38;5;250m5[39m Centro Federal de Educa√ß√£o Tecnol√≥gica               3.51
"
